{"cameraMode":{"drawMode":0,"name":"Shaded","section":"Shading Mode"},"sceneLighting":true,"audioPlay":false,"sceneViewState":{"showFog":true,"showMaterialUpdate":false,"showSkybox":true,"showFlares":true,"showImageEffects":true,"showParticleSystems":true},"in2DMode":false,"pivot":{"x":-0.054973654448986056,"y":0.841592013835907,"z":5.430705547332764},"rotation":{"x":0.1631237268447876,"y":-0.0798213854432106,"z":0.01323853712528944,"w":0.9832932353019714},"size":0.5589262247085571,"orthographic":false}